{
  "name": "Themer Dark",
  "background": "#232834",
  "foreground": "#b3b5b1",
  "cursorColor": "#f06897",
  "selectionBackground": "#6dcbfa",
  "black": "#53575e",
  "brightBlack": "#6b6e73",
  "red": "#f06897",
  "brightRed": "#E97CA0",
  "green": "#a6cc70",
  "brightGreen": "#ADCC81",
  "yellow": "#fad07b",
  "brightYellow": "#F1CF8A",
  "blue": "#6dcbfa",
  "brightBlue": "#80CBF0",
  "purple": "#f06897",
  "brightPurple": "#E97CA0",
  "cyan": "#90e1c6",
  "brightCyan": "#9CDDC6",
  "white": "#b3b5b1",
  "brightWhite": "#cbccc6"
}